{
    "population_size": 200,
    "n_evaluations": 100000,
    "instance_id": 0,
    "run_id": 18,
    "variables": [
        [
            4.79383721812912,
            4.767604423214497,
            5.105982752495956,
            5.57710123633519,
            5.623442779447148,
            5.205666618746814,
            4.804107196446331,
            4.748726850370696,
            4.789729315001891,
            4.5486531492800015,
            4.2781487071905815,
            4.338010074664906,
            4.693351334118653,
            5.032509273616599,
            5.180082921594393,
            5.389772449203306,
            5.61465585646476,
            5.474970790236692,
            5.0289019236680215,
            4.711435281468415,
            4.719157143309634,
            4.677107986462389,
            4.354806347167388,
            3.976992475015707,
            3.6690548068126585,
            3.4627314986427136,
            3.461861141730897,
            3.5338782545194265,
            3.807587017996547,
            4.291268453082214,
            4.752757253441451,
            5.026002024852724,
            5.005269285216107,
            4.88749735282563,
            4.786402492988223,
            4.982608235634714,
            5.4379593201704575,
            5.72785629261659,
            5.62500402188021,
            5.295989210766051,
            5.075470806183434,
            5.1550161225900375,
            5.507488768894531,
            5.714822864892852,
            5.457396548726923,
            5.171083732507103,
            5.332959438262451,
            5.773380216332496,
            6.149479502329513,
            6.403548405990933,
            21.358029056948673,
            12.901972308930258,
            27.67613424445933,
            46.73894632285167,
            20.95015489578942,
            16.16957307403449,
            12.318602969148497,
            46.627703793049804,
            34.337689328398255,
            11.26417561152468,
            46.355244460274236,
            46.88162750282346,
            47.52806896655976,
            18.85695981062548,
            13.032684951341604,
            32.782374789799775,
            42.499592412366965,
            48.13204855334212,
            13.3739475682168,
            10.306836491587415
        ],
        [
            4.79383721812912,
            4.767604423214497,
            5.105982752495956,
            5.57710123633519,
            5.623442779447148,
            5.205666618746814,
            4.804107196446331,
            4.748726850370696,
            4.789729315001891,
            4.5486531492800015,
            4.2781487071905815,
            4.338010074664906,
            4.693351334118653,
            5.032509273616599,
            5.180082921594393,
            5.389772449203306,
            5.61465585646476,
            5.474970790236692,
            5.0289019236680215,
            4.711435281468415,
            4.719157143309634,
            4.677107986462389,
            4.354806347167388,
            3.976992475015707,
            3.6690548068126585,
            3.4627314986427136,
            3.461861141730897,
            3.5338782545194265,
            3.807587017996547,
            4.291268453082214,
            4.752757253441451,
            5.026002024852724,
            5.005269285216107,
            4.88749735282563,
            4.786402492988223,
            4.982608235634714,
            5.4379593201704575,
            5.72785629261659,
            5.62500402188021,
            5.295989210766051,
            5.075470806183434,
            5.1550161225900375,
            5.507488768894531,
            5.714822864892852,
            5.457396548726923,
            5.171083732507103,
            5.332959438262451,
            5.773380216332496,
            6.149479502329513,
            6.403548405990933,
            40.80435564525482,
            17.082228903799653,
            27.854819087129634,
            16.199979874336247,
            14.104862606741543,
            46.30881682854149,
            15.296514864422482,
            14.134033427631586,
            47.34078342870497,
            12.411842603695058,
            46.93120978782753,
            46.994991142084515,
            12.424242356116299,
            12.40449340113136,
            11.684414599412582,
            48.10604745962093,
            47.04170093802779,
            47.090419935423434,
            12.408663983241693,
            16.22091755837271
        ],
        [
            4.79383721812912,
            4.767604423214497,
            5.105982752495956,
            5.57710123633519,
            5.623442779447148,
            5.205666618746814,
            4.804107196446331,
            4.748726850370696,
            4.789729315001891,
            4.5486531492800015,
            4.2781487071905815,
            4.338010074664906,
            4.693351334118653,
            5.032509273616599,
            5.180082921594393,
            5.389772449203306,
            5.61465585646476,
            5.474970790236692,
            5.0289019236680215,
            4.711435281468415,
            4.719157143309634,
            4.677107986462389,
            4.354806347167388,
            3.976992475015707,
            3.6690548068126585,
            3.4627314986427136,
            3.461861141730897,
            3.5338782545194265,
            3.807587017996547,
            4.291268453082214,
            4.752757253441451,
            5.026002024852724,
            5.005269285216107,
            4.88749735282563,
            4.786402492988223,
            4.982608235634714,
            5.4379593201704575,
            5.72785629261659,
            5.62500402188021,
            5.295989210766051,
            5.075470806183434,
            5.1550161225900375,
            5.507488768894531,
            5.714822864892852,
            5.457396548726923,
            5.171083732507103,
            5.332959438262451,
            5.773380216332496,
            6.149479502329513,
            6.403548405990933,
            36.156723532298855,
            16.701137604395214,
            27.854819087129634,
            10.96554606601153,
            12.973633431737223,
            44.578114888806816,
            11.107242331674707,
            14.189309631247852,
            48.50838423190509,
            13.38312192816382,
            46.13282342573842,
            46.99519748466082,
            12.424242356116299,
            12.27028886707546,
            11.687781261130443,
            48.495447746648374,
            46.31007068374619,
            47.82460895219986,
            11.872322254522215,
            16.22091755837271
        ],
        [
            4.79383721812912,
            4.767604423214497,
            5.105982752495956,
            5.57710123633519,
            5.623442779447148,
            5.205666618746814,
            4.804107196446331,
            4.748726850370696,
            4.789729315001891,
            4.5486531492800015,
            4.2781487071905815,
            4.338010074664906,
            4.693351334118653,
            5.032509273616599,
            5.180082921594393,
            5.389772449203306,
            5.61465585646476,
            5.474970790236692,
            5.0289019236680215,
            4.711435281468415,
            4.719157143309634,
            4.677107986462389,
            4.354806347167388,
            3.976992475015707,
            3.6690548068126585,
            3.4627314986427136,
            3.461861141730897,
            3.5338782545194265,
            3.807587017996547,
            4.291268453082214,
            4.752757253441451,
            5.026002024852724,
